,lat,lon,cf,area,mask,restricted_area
0,41.26,-70.16,0.19747692,182.18589552817244,0.0068367124,1.245552563844735
1,41.26,-70.02,0.19740139,182.18589552817244,0.056581616,10.30837245457021
2,41.40,-70.72,0.19697815,181.79481570674233,0.03324771,6.044261180191261
3,41.40,-70.58,0.1954381,181.79481570674233,0.074511826,13.54586368261661
4,41.68,-70.86,0.19323675,181.00940218551477,0.051428556,9.30905225687762
5,41.68,-70.58,0.19320226,181.00940218551477,0.24556124,44.44889363310087
6,41.68,-70.30,0.19283254,181.00940218551477,0.019167542,3.469505401612131
7,41.68,-70.72,0.19263509,181.00940218551477,0.02321428,4.202003054535068
8,44.06,-68.62,0.19216277,174.16077218046883,0.06841838,11.915798518824264
9,43.64,-70.30,0.19118221,175.39153073782714,0.030174434,5.292340200859893
10,41.68,-70.44,0.19117709,181.00940218551477,0.049387753,8.939647647589057
11,43.22,-70.58,0.19109088,176.612864750847,0.056275487,9.938974964800668
12,42.80,-70.86,0.19107266,177.82470859197778,0.030935228,5.501047881376541
13,41.68,-70.16,0.19096771,181.00940218551477,0.0056632757,1.0251061522516312
14,41.96,-70.02,0.1908971,180.21966580160833,0.07408166,13.350971884141336
15,41.54,-71.28,0.19088368,181.40265047871512,0.0077551007,1.4067958266219582
16,42.10,-70.72,0.19033244,179.82318242602614,0.013617694,2.4487771403388328
17,41.54,-71.14,0.190123,181.40265047871512,0.02836734,5.1459107654739915
18,42.66,-70.72,0.1900183,178.2265363422834,0.037449002,6.674405963331058
19,42.24,-70.86,0.18992992,179.42562541549046,0.030969381,5.556700614296229
20,42.66,-70.86,0.18973878,178.2265363422834,0.030357122,5.41044478246067
21,42.52,-70.86,0.1897319,178.62729999041667,0.0074489713,1.3305896259368863
22,44.34,-68.20,0.18965004,173.33506325561575,0.18399668,31.893075715723608
23,43.08,-70.86,0.18960385,177.01787038764436,0.043571413,7.712918661741063
24,41.68,-71.00,0.18925343,181.00940218551477,0.11479956,20.779799566813626
25,42.94,-70.86,0.18903261,177.42181913861378,0.022806108,4.046301168458093
26,41.12,-73.38,0.18902189,182.575887608062,,
27,43.92,-69.60,0.18875045,174.5720681325521,0.12379241,21.610697014805815
28,41.82,-70.58,0.18869667,180.61507317503157,0.10500002,18.964586128337444
29,42.10,-70.86,0.18853362,179.82318242602614,0.006783128,1.2197636250523702
30,41.54,-71.00,0.18853344,181.40265047871512,0.025539577,4.6329469612283285
31,41.82,-70.86,0.18847655,180.61507317503157,0.029183686,5.27101354259444
32,41.96,-70.72,0.18820575,180.21966580160833,0.02515304,4.533072622355647
33,41.40,-71.56,0.18810557,181.79481570674233,0.010174692,1.8497061983101388
34,43.50,-70.86,0.18771246,175.79969249841446,0.26816326,47.143019315017405
35,41.68,-71.14,0.1876689,181.00940218551477,0.03250003,5.882810749749767
36,43.92,-69.46,0.18763852,174.5720681325521,0.088775516,15.49772535020303
37,41.68,-71.56,0.1876084,181.00940218551477,0.061683655,11.1653214772788
38,43.36,-71.14,0.18747166,176.20680464630925,0.2805102,49.42780374827192
39,41.82,-70.72,0.18742265,180.61507317503157,0.11413264,20.61407562122341
40,41.96,-70.86,0.1873063,180.21966580160833,0.027295947,4.919266459575089
41,43.64,-70.86,0.18724602,175.39153073782714,0.35791367,62.775026966145674
42,41.54,-71.56,0.18715477,181.40265047871512,0.0928061,16.83527267393904
43,44.06,-69.46,0.18706234,174.16077218046883,0.18984693,33.063888427873124
44,43.22,-70.72,0.18697512,176.612864750847,0.29693878,52.443208056268574
45,43.22,-70.86,0.18689176,176.612864750847,0.07627553,13.471239418141613
46,43.64,-71.14,0.186763,175.39153073782714,0.24116135,42.297657706125996
47,43.36,-70.86,0.18664907,176.20680464630925,0.27321428,48.142215369202866
48,43.50,-70.72,0.18664622,175.79969249841446,0.24229592,42.59554837884737
49,44.20,-69.46,0.18662286,173.7484364008726,0.2746939,47.72763670972735
50,41.12,-73.52,0.18658614,182.575887608062,0.0017856956,0.3260249505549627
51,44.06,-69.32,0.18644717,174.16077218046883,0.30836737,53.705499546001896
52,44.20,-69.18,0.18639314,173.7484364008726,0.26678574,46.35360532714525
53,41.12,-73.66,0.18637137,182.575887608062,0.017755091,3.241651533638067
54,44.06,-69.60,0.18629825,174.16077218046883,0.29445016,51.28166790325724
55,43.50,-71.14,0.18624963,175.79969249841446,0.3811735,67.01018259037347
56,44.34,-68.34,0.18603738,173.33506325561575,0.20919836,36.26141021385249
57,44.20,-69.32,0.18599552,173.7484364008726,0.24484694,42.54177298959044
58,41.68,-71.28,0.18597262,181.00940218551477,0.008010209,1.449923071283647
59,44.48,-68.06,0.18590297,172.92065521274407,0.46377552,80.1963660216297
60,43.50,-71.00,0.18582648,175.79969249841446,0.2914697,51.24028243433664
61,43.64,-70.72,0.18560882,175.39153073782714,0.2624358,46.02901560842216
62,41.68,-70.02,0.18559551,181.00940218551477,0.013265312,2.401146143877342
63,41.40,-71.70,0.18552878,181.79481570674233,0.084053636,15.280515192879923
64,41.68,-71.70,0.18542047,181.00940218551477,0.1434738,25.970107490785892
65,43.78,-71.28,0.1854012,174.98232180147855,0.6621939,115.87222512247637
66,43.36,-70.72,0.18537039,176.20680464630925,0.22959185,40.455645638631246
67,43.64,-71.00,0.18532996,175.39153073782714,0.23839349,41.81219834785866
68,41.40,-71.98,0.18522067,181.79481570674233,0.04881811,8.874879568691528
69,43.22,-71.14,0.18512136,176.612864750847,0.21622449,38.1880268901042
70,43.92,-70.72,0.185046,174.5720681325521,0.3417347,59.657334615721965
71,41.40,-72.12,0.18503584,181.79481570674233,0.043679357,7.940680578743428
72,43.36,-70.58,0.18500115,176.20680464630925,0.119030595,20.97400076939397
73,43.64,-70.58,0.18488063,175.39153073782714,0.14059609,24.659363747312113
74,41.54,-71.84,0.18483624,181.40265047871512,0.25530612,46.31320770170646
75,41.40,-71.84,0.18483227,181.79481570674233,0.042497456,7.725817194934756
76,42.24,-71.00,0.18479621,179.42562541549046,0.011408031,2.046893094563353
77,44.34,-68.06,0.18477565,173.33506325561575,0.089105844,15.445167192450539
78,43.36,-71.00,0.18476377,176.20680464630925,0.1253854,22.093761323479402
79,42.52,-71.00,0.18475091,178.62729999041667,0.0063720345,1.1382193270609078
80,41.54,-71.70,0.18462892,181.40265047871512,0.20945531,37.99574862636875
81,43.64,-70.44,0.18457113,175.39153073782714,0.10878724,19.080360302421628
82,43.50,-70.58,0.18454193,175.79969249841446,0.19836736,34.8729204069813
83,41.68,-71.84,0.1844793,181.00940218551477,0.17913264,32.42469214379968
84,43.92,-70.44,0.18447839,174.5720681325521,0.19505101,34.05045897924001
85,43.78,-70.30,0.1844411,174.98232180147855,0.09784174,17.12057477384738
86,41.68,-71.98,0.18443598,181.00940218551477,0.0797959,14.4438076140919
87,42.24,-71.14,0.18441437,179.42562541549046,0.024234712,4.348328379589896
88,43.92,-70.30,0.1843927,174.5720681325521,0.17482013,30.518710790421643
89,43.08,-71.14,0.18437614,177.01787038764436,0.20698982,36.64089797303007
90,41.54,-72.12,0.18435945,181.40265047871512,0.093571424,16.97410441051242
91,41.54,-71.98,0.18431737,181.40265047871512,0.07576531,13.744028359988906
92,41.82,-71.56,0.18430538,180.61507317503157,0.057857156,10.449874428491949
93,42.38,-71.28,0.18429542,179.02699714361677,0.0047448874,0.8494629344114516
94,43.50,-71.28,0.18426456,175.79969249841446,0.30025512,52.784757732014384
95,43.92,-70.86,0.1842408,174.5720681325521,0.3679592,64.23539876561141
96,43.36,-70.44,0.1842402,176.20680464630925,,
97,43.50,-70.44,0.1841698,175.79969249841446,0.16801018,29.536137141708032
98,43.22,-71.00,0.18407105,176.612864750847,0.09321684,16.463292528884402
99,41.40,-72.26,0.18405369,181.79481570674233,0.170555,31.00601398147758
100,44.62,-68.20,0.18399979,172.50521474648227,0.41479957,71.55508907853687
101,41.68,-72.26,0.18394722,181.00940218551477,0.07698977,13.935872230444707
102,41.40,-72.54,0.18389201,181.79481570674233,0.08335048,15.152685078462106
103,41.26,-73.10,0.18387061,182.18589552817244,0.00082218647,0.14979077833387916
104,41.96,-71.42,0.1838519,180.21966580160833,0.024234712,4.36757171976219
105,42.24,-71.42,0.18383893,179.42562541549046,0.00999999,1.794254543018798
106,43.92,-70.58,0.18377845,174.5720681325521,0.121581614,21.224753805926316
107,44.20,-70.44,0.18377274,173.7484364008726,0.32795918,56.98239470715583
108,42.38,-71.14,0.18371318,179.02699714361677,0.0021428466,0.38362738933027785
109,43.36,-71.28,0.18370855,176.20680464630925,0.17622447,31.051950783602802
110,43.78,-70.72,0.18369938,174.98232180147855,0.33214283,58.119123544744056
111,42.24,-71.84,0.18366997,179.42562541549046,0.038520396,6.911546099730845
112,42.52,-71.28,0.18366988,178.62729999041667,0.012704074,2.2692945058737646
113,41.54,-72.26,0.18366092,181.40265047871512,0.08561224,15.530286787470894
114,42.10,-71.28,0.18365352,179.82318242602614,0.02420348,4.352346671711752
115,44.34,-70.30,0.1836482,173.33506325561575,0.37523937,65.04214032554376
116,44.34,-69.04,0.18363845,173.33506325561575,0.28268242,48.99877494797715
117,41.68,-72.12,0.1836267,181.00940218551477,0.12612247,22.82935374224867
118,42.52,-71.42,0.18358292,178.62729999041667,0.0141326785,2.524482203652127
119,44.20,-69.60,0.18358137,173.7484364008726,0.3171634,55.106646189270904
120,43.22,-71.28,0.1835761,176.612864750847,0.2832653,50.0282948184323
121,44.06,-70.58,0.18352775,174.16077218046883,0.26785713,46.65020535108401
122,43.78,-69.88,0.1835182,174.98232180147855,0.078775525,13.784324281917531
123,43.92,-69.74,0.18350835,174.5720681325521,0.08698982,15.185992784491107
124,42.24,-71.28,0.18349086,179.42562541549046,0.009081662,1.6294828305501463
125,43.78,-70.86,0.18343966,174.98232180147855,0.33117348,57.949504371964885
126,43.78,-70.44,0.18342766,174.98232180147855,0.062346935,10.909611491138993
127,42.10,-71.56,0.18341245,179.82318242602614,0.043216884,7.771397639908319
128,44.62,-68.06,0.18337703,172.50521474648227,0.62989795,108.66068149189063
129,42.38,-71.42,0.1833639,179.02699714361677,0.020204067,3.617073486314862
130,43.78,-70.58,0.18335631,174.98232180147855,0.2385714,41.74577843421776
131,41.82,-71.42,0.18335564,180.61507317503157,0.0014285445,0.2580166732541312
132,42.24,-71.56,0.18333194,179.42562541549046,0.041122437,7.3784188918265805
133,43.78,-69.74,0.18331699,174.98232180147855,0.048826516,8.54377707821623
134,43.92,-71.00,0.18329732,174.5720681325521,0.44419324,77.54373325216707
135,41.26,-72.68,0.18327984,182.18589552817244,0.008010209,1.4593470283827523
136,43.92,-71.28,0.18325436,174.5720681325521,0.62489796,109.08972869878689
137,43.08,-71.28,0.18320748,177.01787038764436,0.1809184,32.02578908876834
138,44.62,-67.78,0.18318178,172.50521474648227,0.3081633,53.15977369996979
139,41.68,-72.40,0.18316072,181.00940218551477,0.097533405,17.654463300874415
140,42.38,-71.56,0.18313663,179.02699714361677,0.016326547,2.9228926238773254
141,42.52,-71.14,0.18312329,178.62729999041667,0.0047448874,0.8475664164446062
142,42.66,-71.00,0.18311179,178.2265363422834,0.017728686,3.1597223589763694
143,42.10,-71.14,0.18309183,179.82318242602614,0.017677307,3.1787896246422007
144,44.06,-70.44,0.18303749,174.16077218046883,0.17897958,31.171221096950532
145,43.92,-70.02,0.18297023,174.5720681325521,0.12408161,21.66118356004545
146,41.96,-71.56,0.18295151,180.21966580160833,0.038418353,6.923742666925434
147,42.80,-71.14,0.18294652,177.82470859197778,0.015930116,2.832768266941175
148,42.10,-71.42,0.18282132,179.82318242602614,0.02538538,4.5648797811576625
149,42.80,-71.28,0.18279912,177.82470859197778,0.014131546,2.512938053050925
150,43.78,-71.00,0.18270315,174.98232180147855,0.4121788,72.12400594304609
151,42.66,-71.84,0.18267515,178.2265363422834,0.18647957,33.23560758905164
152,41.54,-72.40,0.1826312,181.40265047871512,0.13422406,24.348599733646
153,44.20,-70.30,0.18260725,173.7484364008726,0.25010276,43.45496321286444
154,41.40,-72.40,0.18255498,181.79481570674233,0.08115524,14.753601996830486
155,42.80,-71.00,0.18254639,177.82470859197778,0.023549497,4.187682464191166
156,43.92,-70.16,0.18252498,174.5720681325521,0.21377552,37.31923386677204
157,42.94,-71.28,0.18250903,177.42181913861378,0.07959181,14.121323843511702
158,44.48,-68.34,0.18250433,172.92065521274407,0.21428573,37.054429061837794
159,44.06,-70.02,0.18245663,174.16077218046883,0.2981633,51.928349656878005
160,44.06,-70.72,0.18243374,174.16077218046883,0.19489795,33.94357741537363
161,42.66,-71.14,0.18243256,178.2265363422834,0.012653053,2.2551097759216394
162,41.26,-73.24,0.18239754,182.18589552817244,0.008877575,1.6173690239108522
163,42.10,-71.00,0.18239099,179.82318242602614,0.015268385,2.7456096549888422
164,41.40,-72.68,0.1823849,181.79481570674233,0.09969169,18.123432231873046
165,43.92,-71.42,0.18238416,174.5720681325521,0.8132653,141.97340948813488
166,42.38,-71.84,0.18237524,179.02699714361677,0.12153059,21.757257025897008
167,42.94,-71.00,0.18233883,177.42181913861378,0.06721479,11.925369783686076
168,44.34,-68.62,0.18232831,173.33506325561575,0.27595067,47.83192688188029
169,44.62,-68.34,0.18231934,172.50521474648227,0.49959183,86.18219546994419
170,41.82,-71.14,0.1823023,180.61507317503157,0.044285715,7.998667587839954
171,42.80,-71.84,0.18224578,177.82470859197778,0.23910588,42.51893347994597
172,44.20,-70.16,0.18224211,173.7484364008726,0.24484694,42.54177298959044
173,41.96,-71.28,0.18221961,180.21966580160833,0.010561228,1.903340944293462
174,43.08,-71.00,0.18220651,177.01787038764436,0.08951694,15.846097681065306
175,42.94,-71.14,0.18219861,177.42181913861378,0.050663292,8.988773502577018
176,41.54,-72.54,0.18218933,181.40265047871512,0.091632664,16.622408156967065
177,44.20,-70.02,0.18215753,173.7484364008726,0.17954081,31.194935523541357
178,41.82,-71.00,0.18213357,180.61507317503157,0.07898253,14.265435801133307
179,43.50,-71.42,0.18208823,175.79969249841446,0.23000002,40.433932627748355
180,41.82,-71.28,0.18206635,180.61507317503157,0.010153055,1.8337948062798308
181,44.06,-70.30,0.18196367,174.16077218046883,0.16634119,28.970109324244614
182,42.66,-71.42,0.18195313,178.2265363422834,0.027346909,4.8739448789668876
183,41.40,-72.96,0.18188186,181.79481570674233,0.061870515,11.247738935103067
184,42.52,-72.82,0.18187545,178.62729999041667,0.28795916,51.43736697617778
185,42.66,-71.28,0.18185326,178.2265363422834,0.0052040815,0.9275054268863656
186,41.82,-71.70,0.18183297,180.61507317503157,0.10498458,18.961797864542525
187,42.94,-72.82,0.18177624,177.42181913861378,0.31964284,56.71161446962175
188,44.48,-68.62,0.18176913,172.92065521274407,0.45219386,78.19365790408041
189,44.34,-68.90,0.18176104,173.33506325561575,0.01707989,2.960543774431137
190,41.68,-73.10,0.18173745,181.00940218551477,0.09198356,16.649888617750857
191,44.06,-70.16,0.18171258,174.16077218046883,0.14183676,24.702400068087595
192,43.64,-71.28,0.18166426,175.39153073782714,0.09922922,17.40396418911381
193,41.96,-71.14,0.18165272,180.21966580160833,0.021479607,3.8710475281234973
194,44.48,-69.04,0.18158579,172.92065521274407,0.26760203,46.27391775216307
195,44.20,-69.88,0.1815381,173.7484364008726,0.18943876,32.91468839247557
196,41.26,-73.38,0.18144251,182.18589552817244,0.030561209,5.567821179983074
197,44.20,-70.58,0.18143278,173.7484364008726,0.22321427,38.78313016627654
198,44.62,-68.62,0.18142354,172.50521474648227,0.4165306,71.85370217660197
199,44.34,-70.02,0.18141675,173.33506325561575,0.1750257,30.338091044817766
200,44.62,-67.92,0.18140174,172.50521474648227,0.4555102,78.57788470977924
201,41.54,-73.10,0.1813824,181.40265047871512,0.0302158,5.481226171596552
202,44.62,-70.30,0.18137923,172.50521474648227,0.5361254,92.4844309710542
203,42.52,-72.40,0.18137464,178.62729999041667,0.4327852,77.30725407282806
204,43.08,-71.98,0.18135649,177.01787038764436,0.3212245,56.8624787950649
205,44.20,-71.14,0.18135196,173.7484364008726,0.7871429,136.76484337489165
206,42.52,-71.56,0.18132655,178.62729999041667,0.029387772,5.24945837997049
207,42.24,-72.12,0.1813213,179.42562541549046,0.11846942,21.256449254912045
208,44.06,-69.88,0.18131159,174.16077218046883,0.2119388,36.91142478914838
209,42.52,-72.12,0.18130966,178.62729999041667,0.24596941,43.936852430048745
210,44.48,-70.30,0.18130735,172.92065521274407,0.5040596,87.16231850318619
211,42.80,-72.12,0.18130426,177.82470859197778,0.23042136,40.97461196132999
212,41.68,-72.96,0.18129969,181.00940218551477,0.0946939,17.14048607660099
213,43.22,-71.42,0.1812604,176.612864750847,0.18438774,32.56524759972017
214,41.96,-72.12,0.18125811,180.21966580160833,0.24918365,44.9077949886042
215,44.34,-68.76,0.18125682,173.33506325561575,0.14285713,24.762150417720125
216,44.48,-68.48,0.18124329,172.92065521274407,0.2992857,51.75268104444632
217,41.40,-73.52,0.18123728,181.79481570674233,0.04840702,8.800144949793529
218,43.36,-71.84,0.18123017,176.20680464630925,0.48051018,84.66916257698497
219,41.26,-73.52,0.18122001,182.18589552817244,0.0444898,8.105414224306394
220,43.36,-71.42,0.18121207,176.20680464630925,0.25938773,45.70588334125443
221,44.34,-69.88,0.18119846,173.33506325561575,0.19162387,33.21513503112959
222,41.40,-73.10,0.18119495,181.79481570674233,0.057761014,10.500652805692976
223,42.24,-71.70,0.18118604,179.42562541549046,0.022096634,3.96470235908214
224,44.20,-70.72,0.18114793,173.7484364008726,0.37035716,64.34897673010104
225,44.62,-67.64,0.18113759,172.50521474648227,0.5686735,98.09914276803843
226,42.10,-72.96,0.1811372,179.82318242602614,0.40092498,72.0956059328517
227,41.54,-72.96,0.18112352,181.40265047871512,0.043928564,7.9687578678227995
228,43.36,-71.56,0.18111579,176.20680464630925,0.2614286,46.06549729574423
229,41.82,-71.98,0.1811077,180.61507317503157,0.10250002,18.513048876019756
230,41.96,-71.70,0.181096,180.21966580160833,0.114439905,20.62432137756165
231,44.06,-69.74,0.18109283,174.16077218046883,0.24392855,42.48278491638793
232,44.48,-68.76,0.18108699,172.92065521274407,0.28295916,48.929483897080296
233,43.78,-70.16,0.18107903,174.98232180147855,0.023469388,4.106728088358282
234,44.62,-69.04,0.18106346,172.50521474648227,0.34520406,59.54949969248659
235,42.52,-71.84,0.18104604,178.62729999041667,0.18,32.15291527591701
236,42.94,-71.56,0.18104558,177.42181913861378,0.064285696,11.40568504957347
237,44.34,-70.44,0.18099943,173.33506325561575,0.39028776,67.65055303359647
238,42.10,-71.70,0.18098854,179.82318242602614,0.07049322,12.676315390563762
239,43.50,-71.56,0.18098423,175.79969249841446,0.14642859,25.74210022520571
240,41.82,-72.12,0.1809806,180.61507317503157,0.13336736,24.088155420216793
241,42.24,-71.98,0.18096773,179.42562541549046,0.07311225,13.118211069533164
242,42.38,-71.98,0.18096535,179.02699714361677,0.16530615,29.594263807366637
243,41.54,-72.68,0.1809585,181.40265047871512,0.045969367,8.338965019577937
244,42.66,-71.56,0.18093792,178.2265363422834,0.05091834,9.074999496224509
245,44.48,-68.90,0.18093313,172.92065521274407,0.20560122,35.552696873028445
246,43.92,-71.14,0.18091017,174.5720681325521,0.27403063,47.838093081082846
247,41.96,-71.00,0.18090814,180.21966580160833,0.013926029,2.5097443293266157
248,42.66,-71.98,0.18089916,178.2265363422834,0.19270408,34.3449809910645
249,42.10,-71.98,0.1808703,179.82318242602614,0.060688615,10.913219858504883
250,42.38,-72.12,0.18086483,179.02699714361677,0.1441837,25.812774009549983
251,44.48,-67.92,0.18085884,172.92065521274407,0.26158166,45.232871920735306
252,44.34,-70.58,0.18085201,173.33506325561575,0.39809865,69.00445426275941
253,42.94,-71.84,0.18081981,177.42181913861378,0.30229592,53.63389261819132
254,44.34,-69.46,0.18080634,173.33506325561575,0.40832478,70.77700123732974
255,41.68,-73.24,0.18077272,181.00940218551477,0.08076531,14.6192799282795
256,43.08,-71.56,0.18077073,177.01787038764436,0.10591835,18.749440368825187
257,41.96,-71.98,0.18076085,180.21966580160833,0.10071427,18.150691414076483
258,42.10,-71.84,0.1807448,179.82318242602614,0.09902364,17.806746108224196
259,44.62,-68.76,0.18066788,172.50521474648227,0.23433673,40.424308590272695
260,42.80,-72.68,0.18066537,177.82470859197778,0.3495375,62.15640262102146
261,44.48,-69.74,0.1806563,172.92065521274407,0.20469385,35.39579532665129
262,44.62,-68.90,0.18064648,172.50521474648227,0.2749229,47.425635171561204
263,41.82,-72.26,0.18063919,180.61507317503157,0.0592857,10.70789110174608
264,44.48,-70.16,0.18053338,172.92065521274407,0.33535713,57.99017457617041
265,42.80,-71.70,0.18053056,177.82470859197778,0.15837687,28.163321207048998
266,41.54,-73.24,0.18052275,181.40265047871512,0.05734694,10.402886920206686
267,42.94,-72.12,0.1805064,177.42181913861378,0.29035717,51.515697742972144
268,41.96,-73.10,0.1804337,180.21966580160833,0.21695787,39.10007430999866
269,43.64,-71.70,0.1804116,175.39153073782714,0.300295,52.669198899965124
270,41.68,-72.82,0.18040836,181.00940218551477,0.04000002,7.240379971460993
271,44.48,-69.32,0.18040152,172.92065521274407,0.42122447,72.83841219254892
272,43.08,-71.42,0.18039052,177.01787038764436,0.18586737,32.90184586590503
273,42.80,-71.56,0.180358,177.82470859197778,0.050359726,8.955203592212657
274,43.22,-71.84,0.18034732,176.612864750847,0.3478061,61.427031005961176
275,44.76,-67.50,0.18034509,172.08874433721917,0.53766704,92.52644510648062
276,41.82,-72.40,0.18032372,180.61507317503157,0.055909574,10.098111804943791
277,44.48,-70.02,0.18030487,172.92065521274407,0.2685204,46.432726070272466
278,44.06,-70.86,0.18030433,174.16077218046883,0.36530614,63.62199924916631
279,42.10,-72.12,0.18027441,179.82318242602614,0.115673184,20.80072013923203
280,43.92,-69.88,0.18025264,174.5720681325521,0.06857145,11.970659549133597
281,41.54,-73.52,0.18021639,181.40265047871512,0.16362244,29.681544095634504
282,41.68,-72.54,0.1802102,181.00940218551477,0.15311223,27.714753705617415
283,42.94,-71.98,0.18018566,177.42181913861378,0.16117346,28.595688978863684
284,43.08,-72.12,0.18017657,177.01787038764436,0.39724487,70.31944102712447
285,42.80,-71.98,0.1801129,177.82470859197778,0.17718399,31.50769062607152
286,42.52,-71.98,0.18011262,178.62729999041667,0.13188773,23.55874981489747
287,41.68,-72.68,0.18010196,181.00940218551477,0.025510192,4.6175845886098426
288,42.94,-71.70,0.18007518,177.42181913861378,0.18221992,32.32979014080043
289,41.40,-73.24,0.18006231,181.79481570674233,0.028777003,5.2315100093831886
290,44.20,-69.74,0.18004371,173.7484364008726,0.24076533,41.832600178805926
291,42.66,-72.12,0.18002814,178.2265363422834,0.2410714,42.96532117260215
292,44.06,-71.14,0.18001334,174.16077218046883,0.47658163,83.00182522615272
293,43.08,-71.84,0.17996442,177.01787038764436,0.23954082,42.40300500477767
294,44.62,-69.88,0.1799439,172.50521474648227,0.34795916,60.0247697576289
295,41.82,-72.96,0.17990676,180.61507317503157,0.11862242,21.424997469161855
296,41.96,-71.84,0.17990495,180.21966580160833,0.09933674,17.902434689221717
297,42.38,-72.40,0.17989393,179.02699714361677,0.37451184,67.0477297445884
298,41.54,-72.82,0.17987365,181.40265047871512,0.036632657,6.645261083144869
299,44.34,-69.74,0.17985196,173.33506325561575,0.20231241,35.06783436356056
300,44.34,-69.18,0.17984599,173.33506325561575,0.29393625,50.94945893649862
301,43.22,-72.12,0.17982417,176.612864750847,0.445051,78.60173461758197
302,43.08,-71.70,0.1798157,177.01787038764436,0.14825284,26.243402867262137
303,42.38,-72.82,0.1798109,179.02699714361677,0.35066324,62.77818771162393
304,44.34,-69.32,0.17978616,173.33506325561575,0.30986637,53.710706631639795
305,44.62,-69.18,0.17978573,172.50521474648227,0.43005103,74.18604506275294
306,42.66,-71.70,0.17977586,178.2265363422834,0.12605345,22.466070231593
307,43.36,-71.98,0.17974892,176.20680464630925,0.20066327,35.35823336392224
308,45.04,-67.78,0.17971699,171.25272364197562,0.6112025,104.6700891242351
309,42.80,-71.42,0.1797058,177.82470859197778,0.02358687,4.194328149165787
310,42.94,-71.42,0.17969067,177.42181913861378,0.03224492,5.720952494001823
311,43.36,-71.70,0.17968775,176.20680464630925,0.2864337,50.47156644678819
312,41.96,-72.26,0.1796816,180.21966580160833,0.18086737,32.595857686481246
313,42.38,-71.70,0.17967138,179.02699714361677,0.047430634,8.491364066900111
314,41.40,-73.38,0.17966531,181.79481570674233,0.013412118,2.4382535124242155
315,41.82,-73.24,0.17962314,180.61507317503157,0.18765306,33.8929720173275
316,44.76,-70.44,0.17960677,172.08874433721917,0.67459184,116.08966256759655
317,44.34,-70.16,0.17955421,173.33506325561575,0.31829393,55.17149833443332
318,41.82,-71.84,0.17951335,180.61507317503157,0.09989798,18.04308109236268
319,41.54,-73.38,0.1794882,181.40265047871512,0.07602042,13.790305605513366
320,41.96,-72.96,0.17946897,180.21966580160833,0.29260206,52.7326458671125
321,42.24,-72.82,0.17946269,179.42562541549046,0.30836737,55.32900849973017
322,43.22,-71.98,0.17946084,176.612864750847,0.38336736,67.70760763767323
323,44.48,-69.18,0.17946073,172.92065521274407,0.3692857,63.8571256725135
324,42.10,-72.82,0.17945915,179.82318242602614,0.20863307,37.51706174782131
325,43.08,-72.26,0.17945087,177.01787038764436,0.34755105,61.522746332899374
326,42.52,-71.70,0.17940262,178.62729999041667,0.08319628,14.861127291990732
327,43.64,-71.56,0.17934342,175.39153073782714,0.1859712,32.61777352291041
328,41.40,-72.82,0.17933114,181.79481570674233,0.07374102,13.405734917705935
329,43.22,-71.56,0.17926657,176.612864750847,0.10790819,19.05797444177083
330,42.24,-72.26,0.17923468,179.42562541549046,0.20086735,36.04075077307676
331,44.48,-69.88,0.17919059,172.92065521274407,0.22505105,38.91597422995652
332,41.82,-73.10,0.17918205,180.61507317503157,0.07055497,12.743291375545006
333,43.78,-71.14,0.17911403,174.98232180147855,0.27433676,48.00408239363061
334,42.38,-72.96,0.17910501,179.02699714361677,0.33999997,60.86917433365985
335,42.10,-72.26,0.17906374,179.82318242602614,0.20950669,37.674159825644125
336,43.50,-71.98,0.1790595,175.79969249841446,0.37770408,66.40026180844785
337,41.96,-72.82,0.1790299,180.21966580160833,0.13030612,23.483726243028954
338,42.66,-72.26,0.17901857,178.2265363422834,0.3357653,59.84228683168323
339,44.06,-71.00,0.17896293,174.16077218046883,0.36824256,64.13340891579222
340,44.76,-67.08,0.17892846,172.08874433721917,0.34244895,58.931609773063585
341,44.62,-68.48,0.17892249,172.50521474648227,0.30204082,52.10361571473975
342,44.20,-70.86,0.17890102,173.7484364008726,0.3635714,63.16996321018845
343,44.62,-69.74,0.17887734,172.50521474648227,0.4115306,70.99117692543851
344,44.34,-70.72,0.17887247,173.33506325561575,0.47250772,81.90215470732994
345,42.66,-72.82,0.1788172,178.2265363422834,0.37897956,67.54421498509085
346,42.24,-72.40,0.17873855,179.42562541549046,0.11156219,20.017116151276216
347,43.50,-71.70,0.17871636,175.79969249841446,0.37194246,65.38737018950066
348,43.64,-71.84,0.17871226,175.39153073782714,0.5019013,88.02924229613474
349,44.62,-70.02,0.17869595,172.50521474648227,0.38964283,67.21542086803638
350,43.22,-71.70,0.17867035,176.612864750847,0.18453234,32.59078597330287
351,42.38,-72.68,0.17864387,179.02699714361677,0.23938775,42.85687014746799
352,44.62,-67.50,0.1786105,172.50521474648227,0.19594038,33.80073652347401
353,42.24,-72.96,0.17853932,179.42562541549046,0.38515306,69.10632780833927
354,42.94,-72.68,0.17849715,177.42181913861378,0.3507653,62.23341546566238
355,44.76,-68.06,0.17848705,172.08874433721917,0.65734696,113.12201360841354
356,42.80,-72.40,0.17844635,177.82470859197778,0.35567516,63.24783183775454
357,41.96,-72.40,0.17843847,180.21966580160833,0.13314492,23.995332103210597
358,41.68,-73.38,0.17842709,181.00940218551477,0.12974489,23.48504449621062
359,44.76,-70.02,0.17842373,172.08874433721917,0.44647962,76.8341169283177
360,43.08,-72.82,0.17840146,177.01787038764436,0.35566324,62.95874931216353
361,45.60,-69.04,0.1782834,169.56843275332014,0.75336736,127.74732326992415
362,44.34,-69.60,0.17827925,173.33506325561575,0.22208995,38.49597488514485
363,42.24,-72.54,0.17826548,179.42562541549046,0.1380102,24.762567137414983
364,44.20,-71.28,0.17824534,173.7484364008726,0.9225,160.2829350652963
365,42.38,-72.26,0.17822891,179.02699714361677,0.26887757,48.13634321533481
366,41.82,-72.82,0.17816536,180.61507317503157,0.04352039,7.860438602794557
367,44.62,-70.16,0.17814407,172.50521474648227,0.23892856,41.2164219381392
368,43.78,-71.42,0.1781249,174.98232180147855,0.20331633,35.5767636427421
369,42.52,-72.68,0.17810175,178.62729999041667,0.29622447,52.9137781437023
370,42.10,-73.10,0.17804126,179.82318242602614,0.35246623,63.38159838941263
371,42.80,-72.82,0.17800945,177.82470859197778,0.24902362,44.28255200354585
372,44.76,-70.16,0.1779813,172.08874433721917,0.37510204,64.5508396043282
373,42.52,-72.26,0.1779283,178.62729999041667,0.23341835,41.694888816205896
374,43.08,-72.54,0.17792062,177.01787038764436,0.3515306,62.22720022645963
375,44.76,-70.30,0.17791054,172.08874433721917,0.60811925,104.65047802687924
376,41.26,-72.96,0.17789783,182.18589552817244,0.0060714483,1.1061322504455269
377,44.48,-69.46,0.1778313,172.92065521274407,0.32035714,55.39636722162907
378,42.24,-73.10,0.17781714,179.42562541549046,0.22610486,40.569005114279726
379,43.22,-72.26,0.17777824,176.612864750847,0.29168367,51.515089241226605
380,42.66,-72.40,0.17777142,178.2265363422834,0.40858173,72.8201072107202
381,42.66,-72.68,0.17769633,178.2265363422834,0.27321428,48.694034911534196
382,41.82,-72.68,0.17769432,180.61507317503157,0.026938796,4.865552618625219
383,41.96,-72.54,0.17769115,180.21966580160833,0.041377544,7.457047224013597
384,45.04,-67.22,0.17763104,171.25272364197562,0.4803186,82.25586947625929
385,42.52,-72.96,0.17762528,178.62729999041667,0.37734693,67.40446378145394
386,42.10,-72.68,0.17762376,179.82318242602614,0.048458397,8.713943233657597
387,43.50,-71.84,0.17759977,175.79969249841446,0.39362246,69.19870707354913
388,45.04,-67.64,0.17754497,171.25272364197562,0.58047277,99.40754240920603
389,44.76,-67.22,0.17747346,172.08874433721917,0.62765306,108.01202737812002
390,44.48,-69.60,0.17746624,172.92065521274407,0.2478931,42.865836412964654
391,43.22,-72.68,0.17745224,176.612864750847,0.4361735,77.03385112153643
392,44.76,-67.64,0.17743577,172.08874433721917,0.68576527,118.01248360803085
393,44.48,-70.44,0.17742983,172.92065521274407,0.51535714,89.11589375128925
394,42.80,-72.26,0.1773499,177.82470859197778,0.38751286,68.90936188213067
395,43.64,-71.42,0.17732742,175.39153073782714,0.04110998,7.21034217218861
396,42.10,-72.40,0.17730646,179.82318242602614,0.14238393,25.6039319705001
397,45.18,-69.88,0.177295,170.83317834745975,0.71066326,121.4048632747545
398,45.04,-67.50,0.1772893,171.25272364197562,0.5579939,95.55797324199322
399,44.90,-67.64,0.17728107,171.67124647149276,0.64178574,110.17615809975439
400,42.94,-72.40,0.17726414,177.42181913861378,0.31685507,56.21700345055088
401,41.96,-72.68,0.17725353,180.21966580160833,0.04030615,7.263961047333037
402,44.90,-67.78,0.17724742,171.67124647149276,0.70408165,120.87057525407687
403,41.82,-72.54,0.17722693,180.61507317503157,0.008877575,1.6034239300347792
404,45.04,-70.30,0.17717867,171.25272364197562,0.8023912,137.41167353800984
405,45.60,-69.18,0.17716022,169.56843275332014,0.6787245,115.09025437550508
406,44.90,-68.20,0.17715894,171.67124647149276,0.5477389,94.0310213728048
407,44.76,-69.18,0.17715816,172.08874433721917,0.38653064,66.51757209672851
408,42.66,-72.54,0.17713726,178.2265363422834,0.2520408,44.92035941269446
409,41.82,-73.38,0.17713453,180.61507317503157,0.2833163,51.17119682460292
410,45.04,-69.74,0.17709725,171.25272364197562,0.6154162,105.39170535054282
411,44.76,-69.46,0.17708206,172.08874433721917,0.42739797,73.55037936745633
412,44.48,-70.72,0.17704283,172.92065521274407,0.52418363,90.64217691451037
413,44.90,-67.36,0.17704089,171.67124647149276,0.5639286,96.81032639123539
414,45.18,-67.50,0.17703938,170.83317834745975,0.5430113,92.76434757579791
415,44.06,-71.42,0.17700343,174.16077218046883,0.8465306,147.432425806328
416,43.08,-72.68,0.17695098,177.01787038764436,0.472449,83.63191666992581
417,42.24,-72.68,0.17694892,179.42562541549046,0.0862245,15.470884186352873
418,44.76,-69.74,0.17694747,172.08874433721917,0.28459185,48.97505473783031
419,45.04,-70.16,0.17693415,171.25272364197562,0.7300103,125.01624720776331
420,41.96,-73.24,0.17689605,180.21966580160833,0.37260205,67.15021612350101
421,44.48,-70.58,0.17689537,172.92065521274407,0.58586735,101.30856522275053
422,44.06,-71.28,0.17689511,174.16077218046883,0.71658164,124.80041221039178
423,44.90,-70.30,0.17688408,171.67124647149276,0.65174717,111.88624856211406
424,45.04,-69.60,0.17688319,171.25272364197562,0.48382586,82.85649670574368
425,43.78,-71.56,0.17685622,174.98232180147855,0.43255103,75.68878288733801
426,44.76,-69.60,0.17683731,172.08874433721917,0.34003085,58.51548183687819
427,44.90,-67.50,0.17681037,171.67124647149276,0.5461973,93.76637048443699
428,44.90,-69.74,0.1767761,171.67124647149276,0.37112242,63.71104840644294
429,44.90,-67.92,0.17675185,171.67124647149276,0.60734695,104.26400828389552
430,44.90,-68.06,0.17672436,171.67124647149276,0.67734694,116.28099430901158
431,44.62,-69.60,0.17667058,172.50521474648227,0.2798047,48.26777099453572
432,45.18,-69.60,0.17665082,170.83317834745975,0.6098664,104.18541218079564
433,42.10,-72.54,0.17664051,179.82318242602614,0.0027748942,0.4989903126861839
434,43.08,-72.96,0.17652321,177.01787038764436,0.67938775,120.26377236115405
435,42.94,-72.26,0.17651983,177.42181913861378,0.2280612,40.463032834909946
436,44.20,-71.00,0.17650537,173.7484364008726,0.63463515,110.2668650726945
437,44.90,-70.16,0.17650236,171.67124647149276,0.52561224,90.23250755500969
438,44.76,-67.78,0.17644083,172.08874433721917,0.6881633,118.42515483799981
439,42.80,-72.54,0.17643991,177.82470859197778,0.24486125,43.54237956521619
440,44.90,-70.02,0.17636764,171.67124647149276,0.47841835,82.13067451705562
441,44.76,-68.20,0.17635725,172.08874433721917,0.66731757,114.83784256740088
442,45.04,-68.06,0.17633313,171.25272364197562,0.6230216,106.6941463382815
443,44.34,-70.86,0.17632793,173.33506325561575,0.67440903,116.89873219899506
444,45.04,-68.34,0.17632493,171.25272364197562,0.7761048,132.91006217657807
445,44.62,-69.32,0.176313,172.50521474648227,0.3512755,60.59685618980451
446,43.50,-72.12,0.1762991,175.79969249841446,0.32010204,56.273839496793
447,44.90,-68.34,0.17629814,171.67124647149276,0.6615306,113.5657850671328
448,44.90,-69.88,0.1762856,171.67124647149276,0.31938773,54.8296903925518
449,44.90,-67.22,0.17623015,171.67124647149276,0.4578061,78.5921456115575
450,45.04,-67.92,0.17620985,171.25272364197562,0.62713253,107.39815469995409
451,45.32,-69.74,0.1762084,170.4126130928419,0.7584184,129.24405816034502
452,44.76,-69.04,0.1761487,172.08874433721917,0.36418366,62.671909501283
453,46.86,-68.34,0.17610674,165.71980039140476,0.8613265,142.7388582494174
454,44.76,-68.34,0.1760907,172.08874433721917,0.49709183,85.543908806574
455,42.94,-72.54,0.17606777,177.42181913861378,0.2185204,38.770287402897885
456,45.04,-69.18,0.1760018,171.25272364197562,0.40005141,68.50989440985359
457,44.76,-67.92,0.1760015,172.08874433721917,0.54438776,93.68300566859911
458,44.76,-69.88,0.17596532,172.08874433721917,0.32188773,55.393255540360904
459,45.88,-68.90,0.17593148,168.72020278410724,0.8085817,136.42407005539553
460,45.04,-69.46,0.17590247,171.25272364197562,0.5135149,87.94082120829192
461,44.90,-69.60,0.17588517,171.67124647149276,0.4347893,74.64082107744296
462,43.36,-72.82,0.17583738,176.20680464630925,0.5522449,97.30930950321367
463,43.64,-71.98,0.17573531,175.39153073782714,0.3790853,66.48835145988808
464,45.32,-67.78,0.17569667,170.4126130928419,0.61663264,105.08197956239054
465,43.50,-72.54,0.17568365,175.79969249841446,0.3392347,59.63735765702552
466,43.78,-71.98,0.1756822,174.98232180147855,0.61801016,108.14085327240302
467,44.76,-68.90,0.17564599,172.08874433721917,0.21870506,37.63667882825574
468,45.18,-67.78,0.17557105,170.83317834745975,0.51535714,88.04009765101377
469,42.38,-72.54,0.17554545,179.02699714361677,0.098724484,17.674347994500973
470,44.76,-69.32,0.17553048,172.08874433721917,0.44209182,76.07902663715232
471,45.32,-68.20,0.1755266,170.4126130928419,0.6230216,106.17073931757332
472,45.46,-68.76,0.17549469,169.99103038910835,0.5556632,94.45776468300316
473,44.62,-69.46,0.17548548,172.50521474648227,0.49785715,85.88295516304423
474,42.80,-72.96,0.17544329,177.82470859197778,0.4885406,86.87458801821266
475,45.04,-68.62,0.175429,171.25272364197562,0.5269784,90.24648176700735
476,45.18,-68.34,0.17526445,170.83317834745975,0.7207653,123.13062578499701
477,45.46,-69.04,0.17523454,169.99103038910835,0.6980102,118.6554741778826
478,44.90,-69.32,0.17521025,171.67124647149276,0.27836734,47.78766833170135
479,46.72,-68.62,0.17519963,166.15141815308257,0.87306124,145.06036311386518
480,44.90,-68.48,0.17518601,171.67124647149276,0.77428573,132.92259702933873
481,44.76,-70.72,0.17517126,172.08874433721917,0.83086735,142.9829189897548
482,44.76,-70.58,0.1751524,172.08874433721917,0.84158164,144.82672813705798
483,45.46,-68.62,0.17515232,169.99103038910835,0.69454086,118.0657161444384
484,42.52,-72.54,0.17513612,178.62729999041667,0.284949,50.899671335606904
485,46.30,-68.90,0.17513186,167.4403091140274,0.7204008,120.62413435286591
486,45.04,-69.32,0.17512594,171.25272364197562,0.33890033,58.037604158785314
487,45.32,-70.30,0.17506544,170.4126130928419,0.67142856,114.41989562107099
488,45.32,-69.18,0.17505956,170.4126130928419,0.6190816,105.49931596874936
489,45.18,-69.74,0.17504278,170.83317834745975,0.71693873,122.4769226189456
490,42.94,-72.96,0.17504056,177.42181913861378,0.6012245,106.67034131766358
491,45.32,-69.60,0.17502986,170.4126130928419,0.5948099,101.36310761315792
492,45.74,-69.18,0.17498752,169.144822708598,0.71074,120.2179862526135
493,45.32,-68.34,0.17493775,170.4126130928419,0.5860204,99.86526940421373
494,44.90,-69.46,0.17488115,171.67124647149276,0.34270406,58.83243275507833
495,44.90,-68.90,0.17488077,171.67124647149276,0.31274408,53.68916621534591
496,44.76,-68.62,0.17487833,172.08874433721917,0.35826528,61.6534222993408
497,45.04,-70.02,0.1748218,171.25272364197562,0.72718394,124.53222997572344
498,44.90,-69.04,0.17481665,171.67124647149276,0.38785714,66.58391852397789
499,46.30,-68.76,0.17481631,167.4403091140274,0.6543877,109.57088085784439
500,45.04,-68.20,0.17480825,171.25272364197562,0.6982558,119.5782036714752
501,44.90,-68.76,0.17480595,171.67124647149276,0.30576533,52.491115464740545
502,44.76,-68.76,0.1747906,172.08874433721917,0.16147959,27.788820279003307
503,43.36,-72.12,0.1747547,176.20680464630925,0.23969388,42.23569270237979
504,45.46,-67.92,0.1747,169.99103038910835,0.7039796,119.67021951426433
505,46.30,-68.48,0.17469725,167.4403091140274,0.7397959,123.8716580674362
506,45.18,-68.20,0.17467616,170.83317834745975,0.6925488,118.31031461831611
507,45.32,-69.04,0.17464912,170.4126130928419,0.495,84.3542442935474
508,44.90,-68.62,0.17462952,171.67124647149276,0.42938775,73.71352996019289
509,45.04,-68.76,0.17459936,171.25272364197562,0.60678315,103.91326737611487
510,44.90,-69.18,0.17459853,171.67124647149276,0.34403062,59.06016513102613
511,45.46,-69.32,0.17458117,169.99103038910835,0.73607147,125.12554718328049
512,44.76,-67.36,0.17455485,172.08874433721917,0.37642854,64.77911555936299
513,45.18,-70.02,0.17452836,170.83317834745975,0.6834694,116.75925241835795
514,45.32,-69.46,0.1745194,170.4126130928419,0.52969384,90.26651174319447
515,45.88,-68.76,0.17451125,168.72020278410724,0.8096939,136.61171443356582
516,44.76,-68.48,0.17450006,172.08874433721917,0.5327041,91.67238223880972
517,45.46,-68.06,0.17449738,169.99103038910835,0.5864286,99.68759901740948
518,43.64,-72.68,0.17446005,175.39153073782714,0.64239466,112.67058308904298
519,46.30,-68.34,0.17445794,167.4403091140274,0.7737245,129.5526688403827
520,45.18,-68.76,0.17445564,170.83317834745975,0.77913266,133.10170938023256
521,44.62,-70.44,0.17444678,172.50521474648227,0.5851531,100.94196167098019
522,45.04,-67.36,0.17441645,171.25272364197562,0.51449126,88.10802957385026
523,45.60,-69.32,0.17439175,169.56843275332014,0.7733163,131.1300370420627
524,42.38,-73.10,0.17438966,179.02699714361677,0.3122816,55.90683864753194
525,44.90,-70.44,0.17437898,171.67124647149276,0.64750004,111.15713863902991
526,43.64,-72.12,0.1743704,175.39153073782714,0.30632067,53.72605072856469
527,43.22,-72.54,0.17436312,176.612864750847,0.3366837,59.4626711025599
528,45.74,-68.62,0.17435576,169.144822708598,0.69676256,117.85377998532746
529,45.18,-68.90,0.17435278,170.83317834745975,0.53417265,91.25441229507028
530,45.60,-68.34,0.17432229,169.56843275332014,0.67188776,113.93095366830363
531,45.74,-69.04,0.1743146,169.144822708598,0.623073,105.38956904689907
532,43.92,-71.56,0.174309,174.5720681325521,0.7320408,127.79388034231833
533,44.48,-70.86,0.1742918,172.92065521274407,0.61168367,105.77274042975002
534,45.04,-69.88,0.17426042,171.25272364197562,0.48648512,83.3119024336837
535,46.02,-68.90,0.17425233,168.2945755150426,0.926259,155.884362062741
536,46.58,-68.76,0.17425029,166.5820439071243,0.72887754,121.41791110467018
537,43.36,-72.26,0.17419967,176.20680464630925,0.36714286,64.69306952581222
538,44.62,-70.58,0.17416815,172.50521474648227,0.69168365,119.31903658277612
539,45.32,-69.88,0.17416406,170.4126130928419,0.6368878,108.5337123316578
540,44.34,-71.00,0.17409922,173.33506325561575,0.82076496,142.26734606172923
541,45.46,-67.50,0.17407419,169.99103038910835,0.7210175,122.56650433617196
542,47.00,-68.20,0.17405182,165.28719319906628,0.58751285,97.10835007073597
543,45.04,-70.44,0.17397636,171.25272364197562,0.836074,143.17994874773325
544,45.18,-67.92,0.17397341,170.83317834745975,0.46316326,79.12365122646017
545,45.32,-68.06,0.17395741,170.4126130928419,0.39607143,67.49556804294707
546,46.72,-68.34,0.1739423,166.15141815308257,0.7669898,127.43644749096819
547,45.46,-67.78,0.17392267,169.99103038910835,0.5297959,90.0605484016889
548,44.62,-70.86,0.17392036,172.50521474648227,0.8492857,146.5062158165851
549,45.74,-69.32,0.17391598,169.144822708598,0.71315515,120.62650148041723
550,45.18,-67.64,0.1738986,170.83317834745975,0.4409184,75.32348926922481
551,45.32,-67.50,0.17389798,170.4126130928419,0.5964029,101.63457383839572
552,43.78,-71.70,0.17387497,174.98232180147855,0.3135149,54.85956307171879
553,45.04,-69.04,0.17387395,171.25272364197562,0.40385407,69.16110979999405
554,45.46,-67.64,0.17386782,169.99103038910835,0.6955102,118.23049700720001
555,45.04,-68.90,0.17385341,171.25272364197562,0.46136326,79.00971417449924
556,41.96,-73.38,0.1738296,180.21966580160833,0.2189796,39.46442980523248
557,45.18,-69.32,0.17382042,170.83317834745975,0.44448978,75.93360136292517
558,45.18,-69.04,0.17380884,170.83317834745975,0.54464287,93.0430718045916
559,46.30,-68.06,0.17380306,167.4403091140274,0.7447449,124.7003157461439
560,43.50,-72.68,0.17375243,175.79969249841446,0.48306125,84.92201991540657
561,42.66,-72.96,0.17375186,178.2265363422834,0.52137756,92.92331726500673
562,45.18,-68.06,0.17373967,170.83317834745975,0.6521429,111.40764132802978
563,45.32,-68.76,0.17369847,170.4126130928419,0.64535713,109.9769952350661
564,45.60,-68.76,0.17369255,169.56843275332014,0.5654082,95.8753772906766
565,45.46,-68.20,0.17368025,169.99103038910835,0.6849948,116.44297471564605
566,45.04,-68.48,0.17364895,171.25272364197562,0.66330934,113.59353035725042
567,47.00,-68.06,0.17361084,165.28719319906628,0.60142857,99.40843997448438
568,46.44,-68.90,0.17359695,167.0116750824774,0.81087935,135.4263184846161
569,43.36,-72.68,0.17355628,176.20680464630925,0.35484695,62.52644796373113
570,42.24,-73.38,0.17355566,179.42562541549046,0.22933674,41.14888775161829
571,46.44,-68.20,0.17351745,167.0116750824774,0.7807567,130.39548629630002
572,45.18,-69.18,0.1735077,170.83317834745975,0.40331632,68.89980865225465
573,45.32,-67.92,0.17348142,170.4126130928419,0.5056633,86.17140016030798
574,45.32,-70.02,0.17347576,170.4126130928419,0.7219388,123.02747550796934
575,45.18,-69.46,0.17347403,170.83317834745975,0.4327041,73.92021516179254
576,45.74,-68.90,0.17342867,169.144822708598,0.40862274,69.1164211994156
577,45.18,-68.62,0.17340858,170.83317834745975,0.5252551,89.73099544933616
578,45.74,-68.34,0.17340687,169.144822708598,0.6709661,113.49044012879094
579,45.60,-68.48,0.17338963,169.56843275332014,0.6357653,107.80572791122775
580,45.46,-68.34,0.17338245,169.99103038910835,0.56071424,95.31639223463233
581,43.08,-72.40,0.17337196,177.01787038764436,0.25071943,44.38181922042114
582,45.32,-68.62,0.1733538,170.4126130928419,0.4947449,84.3107706931576
583,46.44,-68.62,0.1733529,167.0116750824774,0.7929599,132.4335659341664
584,45.74,-69.46,0.1733509,169.144822708598,0.76860225,130.00509164907382
585,45.60,-68.20,0.17334679,169.56843275332014,0.6800617,115.316996298622
586,45.88,-68.62,0.1732697,168.72020278410724,0.75443876,127.28906022047454
587,43.78,-71.84,0.17326,174.98232180147855,0.5918877,103.56988617527799
588,42.10,-73.24,0.17325436,179.82318242602614,0.24583763,44.207304778328805
589,45.32,-69.32,0.17324427,170.4126130928419,0.5755612,98.082892417765
590,46.44,-68.06,0.17323576,167.0116750824774,0.74856114,125.01845054023951
591,42.24,-73.24,0.17322342,179.42562541549046,0.37607145,67.47685567238979
592,45.32,-67.64,0.17311077,170.4126130928419,0.6443877,109.81179555358486
593,45.18,-68.48,0.17309658,170.83317834745975,0.6478061,110.66677638217804
594,43.78,-72.40,0.17305829,174.98232180147855,0.43874615,76.77282076233945
595,45.32,-68.48,0.17305762,170.4126130928419,0.3464796,59.04449311745199
596,44.90,-70.58,0.17304,171.67124647149276,0.66045916,113.38184737886726
597,46.86,-68.20,0.17303593,165.71980039140476,0.5650052,93.6325461833125
598,46.02,-69.18,0.17300576,168.2945755150426,0.7619388,128.23016865603915
599,46.30,-68.20,0.17294195,167.4403091140274,0.69681394,116.67474167632047
600,42.52,-73.10,0.17289612,178.62729999041667,0.2920863,52.174587710889455
601,45.88,-69.60,0.17283721,168.72020278410724,0.6497431,109.62478423864954
602,45.88,-68.48,0.17282434,168.72020278410724,0.67306125,113.5590308628798
603,45.46,-69.18,0.1728201,169.99103038910835,0.7737245,131.52622437431117
604,42.10,-73.38,0.17281364,179.82318242602614,0.27147996,48.818391137469284
605,46.16,-69.04,0.17280829,167.86794344261318,0.7511735,126.09794998347026
606,43.50,-72.26,0.17280361,175.79969249841446,0.46265304,81.33426232120203
607,43.36,-72.54,0.17279725,176.20680464630925,0.25744897,45.364260587233105
608,45.60,-67.78,0.17279333,169.56843275332014,0.6167857,104.58738535668974
609,43.92,-71.70,0.17279325,174.5720681325521,0.5701439,99.53119599586446
610,45.46,-69.74,0.1727818,169.99103038910835,0.77561224,131.84712302182535
611,45.74,-68.20,0.17277566,169.144822708598,0.70969415,120.04109069024815
612,46.30,-68.62,0.17277262,167.4403091140274,0.68964285,115.47401141035633
613,46.44,-68.76,0.17274211,167.0116750824774,0.74090445,123.73969334013285
614,45.74,-68.48,0.17273411,169.144822708598,0.715519,121.02633626372099
615,46.02,-69.74,0.17273019,168.2945755150426,0.8104082,136.38729980413297
616,46.58,-68.90,0.17271678,166.5820439071243,0.76202464,126.93962221153406
617,46.30,-67.92,0.17270306,167.4403091140274,0.6041837,101.16470111253983
618,43.92,-72.40,0.17268702,174.5720681325521,0.45729703,79.83128777364435
619,45.60,-67.92,0.17262733,169.56843275332014,0.63112247,107.01844809669313
620,45.74,-68.06,0.17261966,169.144822708598,0.7416239,125.44183944179396
621,43.22,-72.82,0.17261612,176.612864750847,0.26806122,47.34306010688209
622,45.18,-70.58,0.17260776,170.83317834745975,0.78438777,133.99945534727394
623,43.78,-72.82,0.17259938,174.98232180147855,0.65408164,114.4527244747227
624,45.46,-70.02,0.17259625,169.99103038910835,0.6420919,109.14985863811344
625,46.16,-68.90,0.1725961,167.86794344261318,0.78571427,131.8962384175649
626,45.88,-68.06,0.17258422,168.72020278410724,0.7120918,120.14427349597817
627,45.46,-68.90,0.1725767,169.99103038910835,0.50380266,85.64193279785405
628,45.46,-68.48,0.17249207,169.99103038910835,0.547449,93.06141835951398
629,46.02,-69.60,0.17248636,168.2945755150426,0.8324255,140.09269198331967
630,46.72,-68.76,0.17247364,166.15141815308257,0.73056126,121.38378880000187
631,44.06,-72.40,0.17245904,174.16077218046883,0.35056525,61.05471545615059
632,46.44,-68.34,0.17243665,167.0116750824774,0.73669064,123.03593787905808
633,46.72,-68.90,0.17243566,166.15141815308257,0.8652621,143.764523520306
634,45.60,-69.46,0.17243394,169.56843275332014,0.7417347,125.77478780218809
635,46.30,-69.04,0.1724278,167.4403091140274,0.7908163,132.41452690785795
636,45.88,-68.20,0.17238241,168.72020278410724,0.7680884,129.5920306655215
637,45.60,-69.88,0.17233013,169.56843275332014,0.51857144,87.93334574186471
638,45.60,-68.62,0.17232086,169.56843275332014,0.6480612,109.89072470456433
639,45.88,-69.46,0.17231397,168.72020278410724,0.64311224,108.50602792060944
640,47.14,-68.06,0.17230648,164.85359915894998,0.7736896,127.54551974962172
641,43.22,-72.40,0.1721793,176.612864750847,0.25945526,45.823137381670335
642,46.02,-68.76,0.17214824,168.2945755150426,0.81714284,137.52070809981618
643,43.64,-73.10,0.17214814,175.39153073782714,0.44956267,78.84948464347688
644,46.02,-69.04,0.17212683,168.2945755150426,0.83066326,139.79612137678387
645,45.88,-69.18,0.17211252,168.72020278410724,0.6142347,103.63380076171381
646,46.16,-69.18,0.17211176,167.86794344261318,0.6679082,112.12037454594875
647,45.74,-70.16,0.17210881,169.144822708598,0.75303185,127.37143873869097
648,45.60,-68.06,0.17203568,169.56843275332014,0.71617347,121.4404128908482
649,46.86,-68.76,0.17203566,165.71980039140476,0.6692347,110.90543974731276
650,46.44,-68.48,0.17202744,167.0116750824774,0.72523123,121.12208258767173
651,46.86,-68.62,0.17200066,165.71980039140476,0.7577041,125.56656875268233
652,46.16,-68.48,0.17194049,167.86794344261318,0.72816324,122.23526598213572
653,45.32,-70.16,0.1719025,170.4126130928419,0.6787245,115.66322027745275
654,46.44,-67.92,0.171874,167.0116750824774,0.629702,105.16758114775388
655,45.74,-70.02,0.1718633,169.144822708598,0.833556,140.99168123181124
656,43.64,-72.40,0.17185815,175.39153073782714,0.25966567,45.543158992459155
657,43.64,-72.82,0.17185347,175.39153073782714,0.6293422,110.38129153035456
658,43.78,-72.68,0.17184906,174.98232180147855,0.41704082,72.97477182527997
659,47.00,-67.92,0.17183192,165.28719319906628,0.6206633,102.5876923415818
660,46.58,-68.20,0.17182265,166.5820439071243,0.7045735,117.36929572466282
661,43.92,-72.26,0.17174943,174.5720681325521,0.44903064,78.38820708534068
662,44.34,-71.28,0.17174742,173.33506325561575,0.7731757,134.01846170992542
663,45.88,-69.74,0.17172527,168.72020278410724,0.60821426,102.61803313957606
664,46.02,-69.46,0.17154627,168.2945755150426,0.65999997,111.07441422249062
665,44.62,-70.72,0.1715455,172.50521474648227,0.5453571,94.07694504909699
666,43.64,-72.54,0.17151216,175.39153073782714,0.29254884,51.31058803489923
667,45.04,-70.72,0.171496,171.25272364197562,0.6137204,105.10129296982734
668,46.58,-69.04,0.17148817,166.5820439071243,0.78913265,131.4553305282672
669,45.74,-69.88,0.17146592,169.144822708598,0.6185509,104.6246817491939
670,47.00,-68.76,0.17145179,165.28719319906628,0.9158673,151.3811400942603
671,46.30,-69.18,0.17143647,167.4403091140274,0.6783674,113.5860431851508
672,45.60,-69.74,0.17142117,169.56843275332014,0.3682143,62.43752333102648
673,45.88,-67.92,0.17141975,168.72020278410724,0.78290814,132.092420414275
674,45.04,-70.58,0.17141664,171.25272364197562,0.69388485,118.82967037905567
675,46.58,-69.18,0.1714033,166.5820439071243,0.7280612,121.28192265024771
676,45.46,-69.88,0.17139836,169.99103038910835,0.6227551,105.8627828738303
677,46.02,-68.06,0.1713829,168.2945755150426,0.6764796,113.84784342716617
678,45.18,-70.30,0.17136657,170.83317834745975,0.62713253,107.13504419586509
679,46.44,-69.04,0.17131762,167.0116750824774,0.7155704,119.50860951080854
680,45.88,-69.88,0.17131452,168.72020278410724,0.7263265,122.5459586211323
681,44.34,-71.14,0.17130083,173.33506325561575,0.85549843,148.28787501873902
682,46.58,-68.62,0.17126586,166.5820439071243,0.8080102,134.599994033342
683,46.86,-68.06,0.1712536,165.71980039140476,0.4227041,70.05043917752286
684,45.88,-68.34,0.17123719,168.72020278410724,0.59198976,99.8806316160909
685,45.60,-67.64,0.17118478,169.56843275332014,0.6366327,107.95280593856116
686,45.88,-70.02,0.17118196,168.72020278410724,0.6564796,110.7613707449364
687,44.20,-72.26,0.17116114,173.7484364008726,0.5019388,87.21108512396209
688,46.86,-68.48,0.17111494,165.71980039140476,0.7641326,126.63190507735109
689,46.44,-69.46,0.17111036,167.0116750824774,0.786999,131.43801914013045
690,44.62,-71.00,0.17109555,172.50521474648227,0.72420347,124.92887465865013
691,46.58,-68.34,0.1710793,166.5820439071243,0.69596934,115.9359956845269
692,46.16,-68.20,0.17104895,167.86794344261318,0.68463516,114.92829671278426
693,44.06,-72.68,0.17103705,174.16077218046883,0.3444898,59.99661181442702
694,45.18,-70.72,0.1710343,170.83317834745975,0.75285715,128.61297954502564
695,45.74,-67.92,0.17103331,169.144822708598,0.5613053,94.94188283217231
696,46.16,-68.62,0.17096496,167.86794344261318,0.6503061,109.16554855754805
697,42.52,-73.24,0.17092556,178.62729999041667,0.3035714,54.22614007694074
698,43.78,-72.54,0.17090012,174.98232180147855,0.29183674,51.06627010482393
699,46.02,-68.34,0.17089303,168.2945755150426,0.6009694,101.13988572513699
700,46.02,-68.48,0.17088939,168.2945755150426,0.61867344,104.11938460578295
701,44.48,-71.00,0.17087881,172.92065521274407,0.89280576,154.3845561562404
702,43.50,-72.40,0.1708776,175.79969249841446,0.30128467,52.9657524863601
703,46.44,-70.02,0.17083943,167.0116750824774,0.8057554,134.57055518871886
704,46.16,-69.60,0.17076322,167.86794344261318,0.5780575,97.03732834001644
705,46.02,-69.88,0.17075443,168.2945755150426,0.84270406,141.8225216743284
706,45.60,-68.90,0.17075133,169.56843275332014,0.5352518,90.76180821776158
707,46.44,-69.60,0.17071028,167.0116750824774,0.768335,128.32091283247036
708,45.46,-69.46,0.17069775,169.99103038910835,0.6621429,112.55834921383806
709,46.58,-70.02,0.17068979,166.5820439071243,0.8772959,146.14174601773342
710,46.16,-68.06,0.17068283,167.86794344261318,0.5667857,95.1451486849156
711,43.92,-71.98,0.17063844,174.5720681325521,0.6044898,105.5270351296011
712,46.16,-69.46,0.17061639,167.86794344261318,0.69219387,116.19716071141976
713,43.22,-72.96,0.17060786,176.612864750847,0.5121429,90.45102413954584
714,45.60,-70.02,0.17057838,169.56843275332014,0.59005105,100.05403263308263
715,44.06,-72.82,0.17057712,174.16077218046883,0.6106633,106.35359096327451
716,45.32,-70.44,0.17055215,170.4126130928419,0.71954083,122.6188338216885
717,46.58,-69.46,0.17053105,166.5820439071243,0.82612246,137.61716836239574
718,46.72,-68.20,0.1705124,166.15141815308257,0.5726619,95.14858293233294
719,46.02,-68.62,0.17050126,168.2945755150426,0.7520408,126.56438778365822
720,43.36,-72.40,0.17048708,176.20680464630925,0.20457351,36.04724487841975
721,46.58,-68.06,0.17048182,166.5820439071243,0.71265304,118.71520014740486
722,43.50,-73.10,0.1704764,175.79969249841446,0.48216856,84.76508374706083
723,46.58,-69.60,0.17047583,166.5820439071243,0.8049332,134.08741605647973
724,45.32,-68.90,0.17044859,170.4126130928419,0.51156217,87.17664591025596
725,45.18,-70.16,0.17044581,170.83317834745975,0.5408163,92.38936863854018
726,46.16,-68.34,0.17044201,167.86794344261318,0.7367347,123.6741369847362
727,46.72,-69.74,0.17044102,166.15141815308257,0.8180102,135.91355661984127
728,45.74,-68.76,0.17042139,169.144822708598,0.4886948,82.66019311003609
729,42.38,-73.38,0.1704117,179.02699714361677,0.24857146,44.5010012499642
730,46.58,-68.48,0.170403,166.5820439071243,0.69989794,116.59043019237149
731,45.74,-69.60,0.17039967,169.144822708598,0.5936546,100.41359749409597
732,47.14,-68.34,0.17039756,164.85359915894998,0.57543683,94.86283259994455
733,43.78,-72.12,0.17036319,174.98232180147855,0.4744898,83.02732828942791
734,46.16,-67.92,0.17033109,167.86794344261318,0.3560714,59.772975745711456
735,46.16,-68.76,0.17029388,167.86794344261318,0.6183163,103.79548446314463
736,43.64,-72.26,0.1702744,175.39153073782714,0.2531346,44.397666426974155
737,44.06,-72.26,0.17024496,174.16077218046883,0.30923468,53.85655043525539
738,46.16,-69.32,0.17023355,167.86794344261318,0.62872446,105.54268139283482
739,42.38,-73.24,0.17016263,179.02699714361677,0.23933673,42.84773590794011
740,46.30,-69.60,0.1701128,167.4403091140274,0.6863309,114.91946047795366
741,46.44,-69.88,0.17010628,167.0116750824774,0.7963001,132.991415774089
742,46.72,-69.46,0.17008598,166.15141815308257,0.8088776,134.39615824519944
743,46.72,-68.48,0.17005041,166.15141815308257,0.7231122,120.14612175606183
744,46.30,-69.46,0.17004551,167.4403091140274,0.6732143,112.72321323266381
745,46.86,-68.90,0.17002602,165.71980039140476,0.8637204,143.13557510298355
746,45.18,-70.44,0.1700186,170.83317834745975,0.47607142,81.32879334315349
747,47.00,-68.48,0.16997702,165.28719319906628,0.71000004,117.3539134765431
748,43.92,-71.84,0.16996622,174.5720681325521,0.6897959,120.41909882713234
749,44.62,-73.38,0.1699227,172.50521474648227,0.033265293,5.7384364512441755
750,43.92,-72.82,0.16986407,174.5720681325521,0.54918367,95.87212848149949
751,43.78,-72.26,0.16981165,174.98232180147855,0.19545919,34.20190236407747
752,46.02,-67.92,0.1697895,168.2945755150426,0.52908164,89.04157045883294
753,47.14,-68.20,0.16977057,164.85359915894998,0.72511774,119.538269750085
754,45.88,-69.32,0.16976884,168.72020278410724,0.5247959,88.54366895650563
755,46.58,-69.74,0.16972898,166.5820439071243,0.8410714,140.10739735962593
756,44.06,-71.56,0.16971464,174.16077218046883,0.89382654,155.66952114804437
757,45.60,-67.50,0.1696786,169.56843275332014,0.4655704,78.94604140671282
758,46.72,-69.88,0.16967733,166.15141815308257,0.7662245,127.30928788301622
759,46.16,-69.88,0.16967465,167.86794344261318,0.7709694,129.42104610240685
760,46.30,-70.02,0.16964401,167.4403091140274,0.76770407,128.54460672433368
761,47.00,-69.18,0.16964391,165.28719319906628,0.82862246,136.96068069548423
762,44.06,-72.54,0.16962104,174.16077218046883,0.26469386,46.09928639406578
763,42.66,-73.24,0.16958651,178.2265363422834,0.5738776,102.28021212267731
764,46.86,-69.60,0.16958475,165.71980039140476,0.80673176,133.69142631977505
765,46.02,-69.32,0.16955943,168.2945755150426,0.61780614,103.9734215110526
766,46.44,-69.32,0.16952544,167.0116750824774,0.64825284,108.26579348878052
767,46.44,-69.18,0.16952363,167.0116750824774,0.705036,117.74924076746478
768,45.46,-69.60,0.16950783,169.99103038910835,0.4499486,76.48722764485385
769,43.92,-72.96,0.16947113,174.5720681325521,0.7137755,124.60526793304808
770,46.72,-69.04,0.16945681,166.15141815308257,0.8392347,139.44003718653929
771,46.16,-69.74,0.16941395,167.86794344261318,0.7917857,132.9154399617872
772,46.02,-68.20,0.16940585,168.2945755150426,0.4875642,82.05441110585826
773,47.00,-68.62,0.16940215,165.28719319906628,0.63127553,104.3417612542032
774,44.20,-72.68,0.16935337,173.7484364008726,0.4603061,79.97746653040534
775,47.14,-69.18,0.16928326,164.85359915894998,0.74347377,122.5643265736836
776,46.58,-69.88,0.16926454,166.5820439071243,0.81928575,136.47829484379818
777,44.20,-72.12,0.1691572,173.7484364008726,0.3070408,53.34786075040406
778,44.48,-72.12,0.16914947,172.92065521274407,0.36780614,63.60127813354482
779,44.34,-73.24,0.16914849,173.33506325561575,0.081294954,14.091265963287597
780,46.86,-69.74,0.16910484,165.71980039140476,0.7833163,129.8110232359403
781,47.14,-68.76,0.16909981,164.85359915894998,0.7847893,129.37534461106347
782,44.48,-73.24,0.16909495,172.92065521274407,0.030153036,5.214082762100924
783,47.14,-69.46,0.16909066,164.85359915894998,0.85138744,140.35428395367362
784,43.36,-72.96,0.16906735,176.20680464630925,0.6631633,116.85388681448667
785,43.92,-72.54,0.16904305,174.5720681325521,0.2919898,50.973263838178575
786,44.90,-70.72,0.16902146,171.67124647149276,0.42188776,72.42599683954512
787,46.86,-69.04,0.16900179,165.71980039140476,0.80142856,132.81258040158312
788,46.72,-69.32,0.16899513,166.15141815308257,0.7287245,121.07860574091713
789,46.72,-69.18,0.16896507,166.15141815308257,0.75714284,125.8003569121749
790,43.92,-72.68,0.16896161,174.5720681325521,0.3282653,57.305953946573645
791,44.48,-71.28,0.16895197,172.92065521274407,0.71086735,122.92364712434355
792,43.50,-72.82,0.16894035,175.79969249841446,0.39678574,69.75481039132148
793,44.20,-71.98,0.16891433,173.7484364008726,0.38030612,66.0775945180754
794,43.78,-72.96,0.16891012,174.98232180147855,0.6290816,110.07816017183026
795,44.06,-72.12,0.16888265,174.16077218046883,0.30341834,52.84357209183331
796,46.16,-70.02,0.16885851,167.86794344261318,0.8469388,142.1738727128826
797,47.28,-69.32,0.16883412,164.4190208598305,0.8312245,136.6691185909832
798,47.42,-69.18,0.16882424,163.98346089635925,0.8096939,132.77640354941192
799,47.00,-68.34,0.16882133,165.28719319906628,0.67464286,111.50982488820281
800,42.80,-73.10,0.16876036,177.82470859197778,0.65291655,116.10469535177785
801,47.00,-69.60,0.16874954,165.28719319906628,0.86125386,142.35423275665656
802,46.72,-69.60,0.16859901,166.15141815308257,0.754111,125.29661075811843
803,44.76,-70.86,0.16859046,172.08874433721917,0.6530102,112.37570355618368
804,44.76,-71.14,0.16857862,172.08874433721917,0.5668367,97.54621848462718
805,46.86,-69.32,0.16854838,165.71980039140476,0.8455102,140.1177790481327
806,46.44,-69.74,0.1685103,167.0116750824774,0.85462487,142.7323306781727
807,46.30,-69.74,0.16850592,167.4403091140274,0.7967347,133.40550288701732
808,46.86,-67.92,0.16850026,165.71980039140476,0.38841838,64.36861581294656
809,44.48,-71.70,0.1684715,172.92065521274407,0.46166497,79.83140991208042
810,43.78,-73.24,0.16845526,174.98232180147855,0.34464288,60.30641091106985
811,46.30,-69.88,0.16843951,167.4403091140274,0.71933675,120.44596746282268
812,47.14,-69.32,0.16839762,164.85359915894998,0.8378212,138.11783789593832
813,45.60,-70.16,0.16838053,169.56843275332014,0.6535714,110.82508254643234
814,44.62,-71.70,0.16837467,172.50521474648227,0.6980473,120.41679599334778
815,47.14,-68.62,0.16834769,164.85359915894998,0.5953751,98.14973148716524
816,44.34,-72.26,0.16833864,173.33506325561575,0.4832477,83.76377018887584
817,45.46,-70.16,0.16833153,169.99103038910835,0.59744895,101.56096177316542
818,47.00,-69.46,0.16832836,165.28719319906628,0.79938775,132.12855797269765
819,46.58,-69.32,0.16828047,166.5820439071243,0.74443877,124.01013144271724
820,44.34,-71.70,0.16827466,173.33506325561575,0.31571865,54.725112310493344
821,44.62,-71.14,0.16827141,172.50521474648227,0.6057143,104.48887904266728
822,43.64,-73.38,0.16824165,175.39153073782714,0.3692189,64.75786557506885
823,47.28,-69.18,0.16823173,164.4190208598305,0.8544388,140.48598787807464
824,44.06,-71.84,0.16820246,174.16077218046883,0.767602,133.68616165601122
825,43.08,-73.24,0.168121,177.01787038764436,0.6067857,107.4119149847947
826,45.88,-70.16,0.16810982,168.72020278410724,0.6860714,115.75410503624076
827,44.90,-71.14,0.16809426,171.67124647149276,0.7421939,127.4133481077531
828,44.62,-71.28,0.16804075,172.50521474648227,0.5432143,93.70730312101213
829,44.06,-72.96,0.16800804,174.16077218046883,0.61943877,107.88193405467813
830,47.00,-69.32,0.16796978,165.28719319906628,0.8432143,139.37252052439644
831,44.20,-72.40,0.16787857,173.7484364008726,0.4131552,71.78506966028631
832,47.14,-69.04,0.16778255,164.85359915894998,0.7170606,118.2100249376018
833,47.00,-68.90,0.16775833,165.28719319906628,0.76567316,126.55596761565985
834,45.46,-70.30,0.16775696,169.99103038910835,0.68525183,116.4866649991256
835,43.22,-73.10,0.16775566,176.612864750847,0.5111511,90.27585574036364
836,43.22,-73.24,0.16775483,176.612864750847,0.51494896,90.9466117535302
837,44.76,-71.28,0.16768241,172.08874433721917,0.76540816,131.71812886770752
838,46.30,-70.16,0.16767725,167.4403091140274,0.7685204,128.6812958194509
839,44.20,-72.82,0.16767025,173.7484364008726,0.35729593,62.07960923689122
840,44.20,-72.96,0.16763988,173.7484364008726,0.61188775,106.31454033829542
841,47.28,-68.48,0.1676343,164.4190208598305,0.6545408,107.61895370111219
842,45.60,-70.30,0.16763307,169.56843275332014,0.48186022,81.70828238487134
843,42.80,-73.24,0.1676185,177.82470859197778,0.37348408,66.4146968129653
844,47.00,-69.04,0.16757043,165.28719319906628,0.77540815,128.1650364931441
845,44.90,-70.86,0.1675302,171.67124647149276,0.43076533,73.95002127367714
846,46.02,-70.16,0.16752534,168.2945755150426,0.7764286,130.66871833666292
847,43.50,-73.24,0.16752148,175.79969249841446,0.25612247,45.02625145071279
848,46.72,-68.06,0.1675132,166.15141815308257,0.36438775,60.54354152405696
849,46.86,-69.18,0.16746588,165.71980039140476,0.8147449,135.0193604969961
850,43.64,-73.24,0.16746423,175.39153073782714,0.28011304,49.129455110933854
851,47.28,-68.20,0.16745897,164.4190208598305,0.57168555,93.99597879771743
852,44.48,-73.10,0.16744474,172.92065521274407,0.11120248,19.229205427733053
853,44.20,-71.84,0.1673885,173.7484364008726,0.38969386,67.70869819660808
854,46.58,-67.92,0.16735537,166.5820439071243,0.41954082,69.88796771551736
855,44.48,-71.14,0.16733676,172.92065521274407,0.62943876,108.8429624317453
856,45.46,-70.44,0.1672852,169.99103038910835,0.84311223,143.32151676250976
857,45.88,-69.04,0.16727796,168.72020278410724,0.7654592,129.1484280520122
858,44.48,-71.84,0.16727184,172.92065521274407,0.575051,99.4381973702924
859,44.34,-72.12,0.16725914,173.33506325561575,0.23448098,40.643774990658194
860,44.34,-73.10,0.16723014,173.33506325561575,0.23948038,41.510346164661556
861,43.36,-73.10,0.16722563,176.20680464630925,0.4921891,86.72707023594327
862,46.86,-69.46,0.16722368,165.71980039140476,0.8227551,136.34681066839525
863,43.92,-72.12,0.16717388,174.5720681325521,0.40474492,70.65715829429735
864,45.74,-70.30,0.16715555,169.144822708598,0.72273695,122.24721406582732
865,43.36,-73.24,0.16714299,176.20680464630925,0.35984695,63.40748114674315
866,47.14,-67.92,0.16707045,164.85359915894998,0.5912641,97.4720196673024
867,43.92,-73.10,0.16704185,174.5720681325521,0.3475334,60.669625225817434
868,43.78,-73.10,0.16699773,174.98232180147855,0.3559096,62.27788570141663
869,47.28,-68.34,0.16699052,164.4190208598305,0.45306122,74.49188268016475
870,42.94,-73.10,0.16697781,177.42181913861378,0.74116135,131.49819435981908
871,46.02,-70.02,0.1669711,168.2945755150426,0.8120918,136.6706493702692
872,47.14,-68.48,0.1669512,164.85359915894998,0.7147482,117.82881388131149
873,46.16,-70.16,0.16693655,167.86794344261318,0.92734694,155.67182448287062
874,44.06,-71.70,0.16688606,174.16077218046883,0.7488695,130.42368667322043
875,44.34,-72.96,0.16687548,173.33506325561575,0.4742549,82.20500416156668
876,44.06,-73.10,0.16685918,174.16077218046883,0.38895172,67.7401316883861
877,44.62,-73.10,0.16683583,172.50521474648227,0.21963,37.887320828052935
878,44.06,-73.24,0.16682868,174.16077218046883,0.27571428,48.01861159617268
879,45.74,-69.74,0.16662472,169.144822708598,0.29100722,49.22236475984953
880,44.76,-71.98,0.16658889,172.08874433721917,0.43438774,74.75324132975575
881,44.76,-71.42,0.16653049,172.08874433721917,0.76260203,131.23522598354293
882,43.92,-73.24,0.16650312,174.5720681325521,0.375,65.46452554970703
883,44.90,-71.56,0.16649888,171.67124647149276,0.6664796,114.4153815433615
884,44.34,-71.84,0.16648334,173.33506325561575,0.2920863,50.628797847181744
885,44.34,-72.54,0.1664747,173.33506325561575,0.25318605,43.88601948556212
886,43.50,-72.96,0.16645288,175.79969249841446,0.3264796,57.39501570969658
887,45.46,-70.58,0.16636191,169.99103038910835,0.8058163,136.98154191107236
888,42.66,-73.10,0.16632834,178.2265363422834,0.411408,73.3238241369219
889,44.34,-72.40,0.16632481,173.33506325561575,0.27198386,47.144339910967616
890,44.20,-71.56,0.16630554,173.7484364008726,0.88153064,153.16457077547534
891,44.34,-71.98,0.16620886,173.33506325561575,0.35344297,61.264059031453996
892,44.34,-72.82,0.16613376,173.33506325561575,0.63263106,109.65714540253254
893,42.94,-73.24,0.16611934,177.42181913861378,0.19964284,35.42099532697493
894,44.06,-73.38,0.16611896,174.16077218046883,0.20178574,35.143160857085924
895,47.14,-68.90,0.16608256,164.85359915894998,0.6819005,112.4137518995558
896,46.30,-69.32,0.1659951,167.4403091140274,0.5157653,86.35990282514365
897,44.20,-71.42,0.16599049,173.7484364008726,0.8384694,145.68274480500816
898,44.06,-71.98,0.16592513,174.16077218046883,0.44255102,77.07502681645562
899,46.72,-67.92,0.1659182,166.15141815308257,0.36030614,59.865376755105615
900,45.60,-69.60,0.16589195,169.56843275332014,0.2589414,43.90828940303163
901,45.60,-70.44,0.1657794,169.56843275332014,0.6847449,116.1111185969736
902,44.48,-72.96,0.16571175,172.92065521274407,0.29280615,50.63223105396386
903,44.76,-73.10,0.16564566,172.08874433721917,0.17101747,29.430181323654427
904,44.20,-73.10,0.1655013,173.7484364008726,0.35159302,61.088737053663735
905,45.32,-70.58,0.16544236,170.4126130928419,0.7952041,135.51280913318845
906,44.76,-72.96,0.1654144,172.08874433721917,0.34418368,59.23013789687092
907,44.62,-71.42,0.16528994,172.50521474648227,0.7123469,122.88355693028744
908,44.62,-72.26,0.16527423,172.50521474648227,0.3842857,66.2912852014881
909,44.62,-72.12,0.16527036,172.50521474648227,0.44076532,76.03431639584949
910,44.34,-71.56,0.16522089,173.33506325561575,0.46084273,79.88020351533815
911,44.90,-73.10,0.16521466,171.67124647149276,0.25668037,44.06463895573616
912,43.92,-73.38,0.16515642,174.5720681325521,0.27653062,48.27452283520198
913,45.04,-70.86,0.16509877,171.25272364197562,0.5971223,102.25882220753991
914,44.20,-73.24,0.16509455,173.7484364008726,0.18913263,32.861498878234656
915,44.62,-73.24,0.16506922,172.50521474648227,0.06658161,11.485674390400469
916,44.48,-72.26,0.16505559,172.92065521274407,0.2844388,49.1853417429232
917,44.62,-72.96,0.16497487,172.50521474648227,0.2622959,45.24741086288071
918,44.62,-71.84,0.16482142,172.50521474648227,0.69948983,120.66564366910605
919,44.76,-71.00,0.1646258,172.08874433721917,0.4680884,80.55274300598718
920,43.64,-72.96,0.16461031,175.39153073782714,0.30924976,54.239788562274306
921,44.90,-71.00,0.1645376,171.67124647149276,0.6220452,106.78727809784345
922,44.90,-71.70,0.16438086,171.67124647149276,0.76896197,132.00865919887028
923,44.20,-71.70,0.16436683,173.7484364008726,0.6006681,104.36513842763763
924,44.76,-72.40,0.16426043,172.08874433721917,0.47723538,82.12683675281228
925,44.90,-72.96,0.1642085,171.67124647149276,0.27260202,46.79792885488937
926,44.34,-72.68,0.16420212,173.33506325561575,0.4119733,71.40941759842342
927,44.48,-71.42,0.16416079,172.92065521274407,0.8552551,147.89127692679298
928,44.20,-72.54,0.16412334,173.7484364008726,0.14831632,25.769729345534166
929,44.76,-71.84,0.16404156,172.08874433721917,0.64178574,110.44410227681388
930,44.48,-72.54,0.16399686,172.92065521274407,0.5489796,94.92990874159587
931,44.48,-72.40,0.16377006,172.92065521274407,0.3651079,63.13469624410465
932,44.48,-72.68,0.1637436,172.92065521274407,0.27882653,48.21486707933649
933,45.18,-70.86,0.16369784,170.83317834745975,0.81469387,139.17674287800148
934,45.32,-71.00,0.16353284,170.4126130928419,0.8590442,146.39196589952002
935,46.02,-70.30,0.16329925,168.2945755150426,0.81551903,137.24742979662474
936,45.60,-70.58,0.16316207,169.56843275332014,0.8731633,148.0609294142212
937,44.76,-72.26,0.16315866,172.08874433721917,0.27081633,46.604441511685025
938,43.08,-73.10,0.16305946,177.01787038764436,0.56963,100.83469425605905
939,44.48,-71.98,0.1629786,172.92065521274407,0.21112245,36.50743293966856
940,44.76,-73.24,0.16295831,172.08874433721917,0.052704096,9.069781674612202
941,44.90,-73.24,0.16295704,171.67124647149276,0.13122451,22.527475723576664
942,44.90,-71.84,0.16295604,171.67124647149276,0.80071425,137.45961411678164
943,44.76,-72.12,0.16292518,172.08874433721917,0.34183675,58.826257163125945
944,44.76,-71.70,0.16291107,172.08874433721917,0.67887974,116.82756164327604
945,44.62,-71.98,0.162889,172.50521474648227,0.22867346,39.44736399625172
946,44.76,-71.56,0.16281281,172.08874433721917,0.6543367,112.60397951121845
947,45.18,-71.00,0.16229008,170.83317834745975,0.69573486,118.85459716687524
948,44.76,-72.54,0.1622874,172.08874433721917,0.5727041,98.55592544763385
949,44.34,-71.42,0.16225685,173.33506325561575,0.70924973,122.93784765920044
950,44.76,-72.68,0.1622476,172.08874433721917,0.7247449,124.72044255272174
951,45.32,-70.72,0.16222864,170.4126130928419,0.7477041,127.41820757350649
952,44.62,-72.82,0.16218069,172.50521474648227,0.4108163,70.86795609466887
953,44.62,-72.40,0.16197559,172.50521474648227,0.3545221,61.15691255088528
954,44.90,-71.98,0.1619316,171.67124647149276,0.38688773,66.41749871078527
955,44.62,-71.56,0.16184582,172.50521474648227,0.4639796,80.03890085685464
956,44.90,-71.28,0.16172306,171.67124647149276,0.73709184,126.53747481891502
957,44.48,-72.82,0.16163339,172.92065521274407,0.75127554,129.91105851804332
958,44.62,-72.54,0.1615831,172.50521474648227,0.3107143,53.59983781346364
959,45.04,-71.00,0.16147587,171.25272364197562,0.6080948,104.1378926915704
960,45.04,-71.14,0.16134658,171.25272364197562,0.7145426,122.36737108934253
961,44.48,-71.56,0.16113244,172.92065521274407,0.32913268,56.913838007385
962,44.90,-72.82,0.16108826,171.67124647149276,0.3307653,56.7828925335664
963,44.62,-72.68,0.1609876,172.50521474648227,0.39061224,67.3826491383666
964,44.90,-72.26,0.16090173,171.67124647149276,0.24806124,42.5849822238916
965,44.90,-72.40,0.16081351,171.67124647149276,0.35544705,61.02003879922972
966,44.76,-72.82,0.1607363,172.08874433721917,0.4541837,78.15990223571427
967,44.90,-72.12,0.16060944,171.67124647149276,0.2570408,44.12651430069286
968,45.18,-71.14,0.1601378,170.83317834745975,0.6769898,115.65231817979581
969,44.90,-71.42,0.16000883,171.67124647149276,0.342551,58.80615594246897
970,44.90,-72.54,0.15910086,171.67124647149276,0.72709185,124.82076399138467
971,45.04,-71.42,0.15817516,171.25272364197562,0.47050357,80.5750176144605
972,45.18,-71.28,0.15801926,170.83317834745975,0.7178571,122.63381382258615
973,44.90,-72.68,0.15743591,171.67124647149276,0.41642857,71.48881098795187
974,45.04,-71.28,0.15709127,171.25272364197562,0.494296,84.64953873577713
